0,1
1,5
10,3
100,4
1000,4
10000,1
100k,2
11000,1
13,1
15,1
17,2
178910723,1
190,1
1980,1
2,7
20,4
2000,2
2001
nelson,1
2010,1
2016
three,1
20ft,1
23,1
24,1
29,1
3,2
3000,2
37,1
3trillion
hell,1
3x,1
4,3
40,2
42,1
45million,1
4k,1
4s
gtgtits,1
5,1
50,2
50
texas,1
5000,3
59,1
6,2
6
this,1
6000,4
6438216,1
65899659,1
666,2
6k,1
7,1
70,3
700000,1
75,1
8,2
80,1
800,1
8000,4
80s
the,1
9,1
90,1
900k,1
90s
it,1
919018190,1
93,2
95,1
98,1
99,3
999,1
a,319
aaannnndddd,1
aaauggghhhh,1
abandoned,1
ability,3
able,6
abolish,1
abortion,4
abortionism,1
abortions,3
about,55
above,1
absence,1
absolute,1
absolutely,2
abuse,1
abusing,1
aca,7
academic,2
accept,4
acceptable,1
access,2
accomplish,1
according,1
account,3
account
it,1
account
republican,1
accreditation,1
accurate,1
accusations,1
acid,1
acrimony,1
across,2
act,3
act
i,1
acting,1
active,1
activities,1
actual,2
actually,23
adams
i,1
add,2
adding,1
address,2
adelson,1
administration,2
administrations,1
administrator,1
admit,1
admitted,1
adorable
yup,1
advances,1
advantage,1
advertisement,1
advocates,1
affairs,1
affecting,1
affiliation,2
afford,5
affordable,1
affront,1
after,15
again,9
agains,1
against,12
age,1
age
i,1
agenda
and,1
agenda
why,1
aggie
news,1
ago,4
agp
ouch,1
agree,8
agrees,1
agricorp,1
ah5n1
great,1
ahead,1
ahkbar
why,1
aid,2
aides,1
aids,1
aint,2
air,1
airline,1
airlines,1
airman,1
akamai,2
al,2
albert,1
alcohol,1
aleister,1
alien,1
aliens
its,1
alive,2
all,73
all
neuroscience,1
all
you,1
allah,1
allegiance,1
alliance,1
allies,1
allow,8
allowed,1
allowing,1
allows,1
almost,7
alone,2
along,2
already,12
alright,1
also,17
although,2
altruistic,1
always,5
am,12
amazing,1
ambitions,1
amendment,2
amendment
gtevery,1
america,11
america
nice,1
america
ok,1
america
this,1
american,14
american
demand,1
americans,12
americas,1
amino,1
amirite
if,1
among,5
amongst,1
amount,5
amounts,1
amp,1
amphetaminefueled,1
an,40
ancestry,1
and,296
anesthetized,1
angel,1
angeles,1
angels,1
angry,2
animals,1
anne,1
another,8
answer,2
answered,3
answers,3
anti,1
antiamerican,1
antibureaucratic,1
antichristian,1
antiincumbent,1
antijesus
you,1
antimidas,1
antipoverty,1
antisemitism,1
antiwar,1
any,27
anymore,1
anymore
is,1
anyone,14
anything,6
anything
insane,1
anything
my,1
anyway,2
anyways
im,1
anywhere,1
apologise,1
apostles,1
apostrophe,1
apparently,4
appeal,1
appeals,1
apple,1
apples,1
approach,1
appropriate,1
approval,1
approve,1
are,101
area,1
areas,1
arent,6
argue,1
argued,1
argument,3
arguments,1
army,2
around,8
arranged,1
arrive,1
art,1
article,15
articles,1
as,81
asap,1
ashamed,2
asian,1
asianews,1
asians,1
aside,2
ask,8
asked,3
asking,3
aspects,1
asphalt,1
ass,1
ass
well,1
assed,1
asshole,1
assholes,2
assholes
i,1
assigning,1
associate,2
association,1
assume,1
asteroid,1
astroturf,1
at,46
atheism,1
atheist,2
atheist
call,1
atheist
if,1
atheists,4
atmosphere
surely,1
attack,3
attacking,1
attempt,1
attempting,1
attendant,1
attracts,1
attributes,1
attribution,1
audacity
i,1
audience,1
australia,1
authoritarians,2
authorized,1
automation,1
available,3
average,1
averred,1
away,4
awesome,1
awful,1
awkward,1
ayn,1
b,1
babies
ive,1
baby,4
baby
this,1
back,14
back
now,1
backs,1
backtrack,1
bad,14
bailed,1
bailout
you,1
bailouts,1
bake,1
balance,1
ball,1
ballot,1
balls
oh,1
ban,1
bankrupt,1
baptistina,1
barack,2
barely,1
base,3
based,4
basic,3
basically,2
basis,1
bastardized,1
bastards
they,1
bc,2
be,94
beard,1
bears,1
beat,1
became,2
because,33
because
i,1
beck
obamacare,1
become,3
been,17
beer,1
before,11
began,1
begin,2
beginning,1
begins,1
behave,1
behavior,1
behaviour,1
behest,1
behind,2
being,19
beingitself,1
beings,1
beings
if,1
bekjgxveqw3se,1
belief,3
beliefs,4
believe,14
believer,3
believes,3
believing,1
belivinbelieving,1
belongs,2
benefit,3
benefits,1
benghazi,1
benghazi
while,1
bergoglio,1
besides,1
best,6
bet,2
better,7
between,4
beyjsxah76py,1
bias,2
bias
wait,1
biased,1
bible,3
bibles
never,1
biblical,2
big,5
bigfeets
destroy,1
biggest,2
bigotry,1
bigots,1
bill,17
bill
alas,1
billion,2
billionaires,1
billions,1
bills,3
bipartisan,1
birth,1
birthday,1
bit,1
bitch,2
bitcoins,2
bites,1
black,9
blacks,1
blame,3
blamed,1
blasts,1
bleating,1
blehhhhh,1
blessing,1
blew,1
blind,2
blinking,1
blockheads,1
blocking,1
bloggers
the,1
blood,3
bloodwork,1
bloodymindedness,1
blow,1
blowhard,1
blows,2
bluecollar,1
board,2
body,2
body
yes,1
boehner,4
bonus,1
boo,1
boobs,1
book,2
books,6
boom,1
boooo,1
bootstraps,1
border,1
bored,1
boring,1
born,2
borrow,1
both,6
bother,2
bought,1
bouncing,1
box,1
box
i,1
braced,1
brass,1
brave,1
bravo
money,1
breaks,1
breaths
all,1
brigade,1
bright,1
bring,6
brinkmanship,1
british,1
broad,1
broader,2
broke,1
broken,2
bronze,1
bronzers,1
bros,1
brother,1
brotherinlaw,1
brothers
i,1
brought,1
brown,2
brownies,1
brush,2
btw,2
bubble,1
bucket,1
bucks,2
buddhists,1
buddies,1
budget,3
budget
all,1
buhraaack,1
building,1
built,3
bullcrap,1
bullshit,2
bully,2
bumping,1
bunch,5
burden,1
bureaucracy,1
burn,3
burning,1
bury,1
bush,1
business,3
businesses,1
busyness,1
but,62
butt,1
button
files,1
buy,4
buying,1
bwaaaaaah,1
by,44
c,2
cab,2
calender,1
california,1
call,6
called,7
calls,1
cam,1
came,3
camera
its,1
campaign,6
camps,1
can,46
canada,3
canada
darwinism,1
canadian,1
cancer,1
candidate,1
candy,1
cannot,2
cant,24
cantor,1
capitalism,3
capitalism
someones,1
captioned,1
car,3
carbon,2
card,3
cards,3
care,15
care
pat,1
cared,1
career,2
careful,1
careful
but,1
caring,2
carnegies,1
carneys,1
carolina,1
carolina
dont,1
carry,1
carrying,1
case,1
cases,1
cash,2
casual,1
catch,2
category,1
cause,1
caused,3
causing,1
cautious,1
cave,2
cbo,1
celebrate,3
celebrating,1
center,1
centers,1
chain,1
chalk,2
challenged
the,1
champions,1
chance,1
change,6
change
and,1
changed,1
changes,2
characters,1
charge,3
charitable,1
charity,1
charter,1
cheaper,1
checked,1
checklist
omg,1
cheeky,1
cheers,1
chemistry,1
chickens,1
child,2
childish
good,1
children,3
children
like,1
china,1
chinese,1
choice,1
choices,1
chose,1
chosen,1
christ,1
christ
hands,1
christian,7
christianity,1
christians,6
christie,1
christmas,6
christmasrelated,1
chromosome,1
chuckleworthy,1
chunk,1
church,5
church
i,1
churches,1
circular,1
circulate,1
circumstances,1
cities,2
citizen,1
citizens,3
city,1
civil,1
civilized,2
claim,1
claimed,1
claims,3
clap
thanks,1
clarence,1
class,6
class
i,1
class
yep,1
classes,1
classes
if,1
clause,2
clean,3
clear,4
clearly,2
clever,1
click
why,1
clicked,1
cliff,1
climate,1
cling,1
clinics,1
clinton
gtget,1
cloistered,1
close,1
closer,1
closing,2
clothes,1
clothes
oh,1
clothing,1
club,2
cnn,2
co2,1
coalition,1
cock,1
cocksucker,1
coexist,1
coin,1
coincidence
yet,1
coke,1
cola
false,1
colbert,1
colder
quite,1
coleaders,2
college,3
color,3
colors,3
column,1
com,1
com200904blackmanteaparty,1
com20130910iranthreatenswidespreadretaliationagainstusandallies#ixzz2lo2bvvso
what,1
com703,1
comblogswashingtondcsurpassesnewyorklafastestgrowingregionwealth767299,1
come,13
comedy,1
comes,4
coming,1
comment,4
commercialized,1
commichaelmooresupportthetroopsb2402749,1
commit,1
committee,1
common,1
communist,1
communities,1
community,2
compactor,1
compactor
im,1
companies,3
company,3
compares,1
comparisons,1
compassionate,1
compatriots,1
complain,1
complained,1
complaining,6
completely,4
component,1
compromise
um,1
compromised,1
computer,1
computers,1
comrliberal
if,1
comsitestomvanriper20130425americasrichestcounties
it,1
comwatch,3
comyckqiht
as,1
concentrate,2
concentrated,1
concept,1
concerned,1
concerned
hahahahahahahahahaha,1
concerted,1
conclusion,1
conclusion
its,1
conditioners
a,1
confirmation,1
confirms,1
conflict,1
conforms,1
confuse,1
confused,1
confusion,1
congenial,1
congratulations,1
congratulations
that,1
congress,8
congress
hawaii,1
congress
liberals,1
congressional,1
congressman,3
congressmanmen,1
congressmen,2
connect,2
consent,1
conservative,3
conservatives,9
conservatives
go,1
consider,1
considerable,1
considering,1
consistently,1
consolidate,1
conspiracies,1
conspiracy,1
constant,1
constituents,4
constitution,4
constitutional,2
construed,1
consumers,2
content,2
context,1
context
and,1
continental,1
continually,1
continue,4
continuing,1
continuous,1
continuum,1
contract,1
contractors,1
contradicting,1
contradictory,1
contributed,1
contributors,1
control,6
controlled,1
conversation,1
convert,2
convicted,2
convince,1
cool,4
cool
its,1
copays,1
copied,3
cops,1
coral,1
corporate,2
corporation,1
corporations,4
correct,2
corrected,1
corrupt,4
corruption,1
corruption
in,1
cosmetic,1
cosmogenic,1
cost,3
costs,5
cotton,1
could,19
couldnt,2
council,2
count,1
counties,1
countries,3
country,10
country
holy,1
countrymen,1
countrys,2
counts,1
coup,1
couple,1
course,9
court
shock
they,1
cover,3
coverage,3
covered,3
covering,1
covers,1
coz,1
cr,1
cracks,1
craft,1
craigslist,1
crash,3
craters,1
crazy,1
cream,1
create,1
created,1
creationists,1
creative,1
creator,1
credit,5
creed
obama,1
crime
i,1
crimes,2
cringe,1
crisis,1
criticism,1
criticizes,1
crooks,2
crops,1
cross,3
crowd,2
crowley,1
cruel,2
crusade,1
cruz,2
cry,1
ct,1
cuccinelli,1
cuccinelli
i,1
culture,1
cunning,1
cure,2
curiosities,1
curious,1
currency,1
current,3
currently,5
cut,4
cute,1
cuts,4
cycle,1
cycles,1
cynical,2
d,2
damage,2
damaged,3
damaging,1
damn,2
dancing,1
dang,1
danger,1
dare,2
dark,1
darling,1
darned,1
dat
amazing,1
data,2
dating,4
dawg,1
day,11
day
believe,1
day
so,1
days,4
days
american,1
days
must,1
dead,1
dead
she,1
deal,3
debater,1
debt,8
decade,1
decades,2
decay,1
deceive,1
december,1
decided,1
decisions,1
declare,1
decorated,1
decry,1
deductible,4
deep,1
defaulting,1
defeat,1
defend,1
defense,1
defenses,1
deficients,1
deficit,1
defined,1
definitely,3
definition,3
degree,1
dehydrated,1
deleted,1
delusional,1
delusions,2
demands,5
democracy,1
democracy
hey,1
democrat,6
democratic,2
democrats,17
democrats
good,1
democrats
no,1
demonized,1
dendrochronology,1
dennis,1
dentists,1
deny,1
depending,1
depicted,1
deregulation,1
derp,1
deserve,1
design,1
designed,4
desirable,1
desire,1
desperation,1
despite,1
desroyed,1
destined,1
destroy,3
destroyed,2
destroying,4
destruction,1
detat,1
determine,1
detrimental,1
detroit,2
developed,2
developing,1
development,1
devil,3
diagnose,1
diamonds,1
diary,1
dick,3
dicks
drivethru,1
dictated,1
dictates,1
dictator,1
dictatorship,1
did,12
did
no,1
didnt,9
die,3
died,1
difference,2
difference
yes,1
different,6
difficult,2
digicam,1
dignity,1
dining
well,1
directly,1
dirt,2
dirtiest,1
disable,1
disagree,2
disagrees,2
disappointed,2
disasters,1
disciplinary,1
discount,1
discover,1
discriminatory,1
discussed,1
discussion,1
discussions
your,1
diseases,1
disgust,1
dishes,1
disincentivized,1
disinformation,1
disingenuous,1
dislike,1
dismiss,1
disorder
blame,1
disproven
lets,1
distant,1
distracted,1
distributed,1
distributors,1
district,1
districts,1
diversity,1
divinely,1
division,1
divisive,1
dna,1
do,39
do
i,1
doctor,2
doctors,2
does,12
doesnt,18
doing,6
dole,1
dollars,5
domain,2
domestic,3
donald,1
donation,1
donations,1
done,5
done
how,1
dont,53
door,3
dosnet,1
double,1
doubt,1
down,17
down
the,1
download,1
downvote,1
downvoted,1
downvotes
yes,1
dragging,1
draw,1
dream,1
drew,1
drift,1
drink
turtle,1
drinking,2
drive,1
driven,1
driver,1
driverless,1
drivers,1
driving,2
dropping,1
drops,2
drove,1
droves
the,1
drug,4
drugs,3
drumstick,1
due,3
duffy,1
dumb,1
dumbass,1
dumps,1
dupe,1
duped,1
during,4
durr
theyre,1
duty,1
dwarfs,1
dysfunction
did,1
e5,1
each,3
eager,1
earth,4
easily,2
easy,2
eat,5
eating,2
eats,1
ebay,1
economic,2
economy,3
ecosystems,1
ed,1
edge,1
edisons,1
edit,4
education,4
education
you,1
effect,2
effective,2
effectively,1
efficient,1
efforts,2
egalitarian,1
egotistical,1
einstein,1
einstein
those,1
either,4
ekg,1
elderly,1
elect,2
elected,4
election,3
election
for,1
elective,1
electric,1
eliminated,1
eloquent,1
else,7
else
guns,1
elsewhere,1
em,1
embarrassed,2
embarrassing,1
embarrassing
watching,1
embracing,1
emissions,1
emolument,1
emperor,1
employ,2
employed,1
employee,2
employees,3
employees
so,1
employer,2
employs,2
enables,1
end,1
enda,1
ended,1
ender,1
ends,2
enemies
takers,1
energy,1
enforcement,1
enjoyed,1
enjoyment
the,1
enough,10
enough
presidents,1
enough
when,1
enough
you,1
enslaved,1
ensure,1
entered,1
entertaining,1
entire,4
entirely,1
environment,3
epa,1
equality,1
equals
cant,1
equivalence,1
equivalent,1
er,5
eric,1
erosion,1
error,1
errors,1
ers,1
esoteric,1
especially,1
essence,1
essential
its,1
essentially,1
established,2
establishment,1
estate,1
etc,4
etc
the,1
ethics,1
europe,1
evangelicals
a,1
even,30
event,1
eventually,1
eventually
thats,1
ever,8
every,15
everybody,1
everyone,7
everything,4
everywhere,1
everywhere
irony,1
everywhere
please,1
evidence,3
evidenced,1
evil,4
evolved,1
exact,3
exactly,4
exactly
gt,1
examine,1
example,3
exceptionalism
dumbasses,1
exceptionalism
protip,1
exchange,1
exclusively,3
excoriate,1
excruciating,1
excuses,1
executes,1
executives,1
exercise,1
exist,3
exist
i,1
existence,1
existence
america,1
existing,1
exists,1
exists
obama,1
expand,2
expect,1
expected,2
expelled,1
expenditures,1
expenses,1
expenses
fuck,1
expensive,2
experience,7
expert,2
expert
always,1
explain,1
explained,1
explains,1
explanation,1
exports,1
extension,1
extensions,1
extensive,1
extra,1
extreme,1
eyeroll
if,1
eyes,1
face,3
facets,1
fact,7
factories,1
facts,1
fags,1
fail
yeah,1
failures,1
fainted,1
fair,3
fair
the,1
fairly,1
faith,5
fake,2
fall,1
fall
im,1
fallen,1
family,7
fan,1
fanbase,1
far,5
farm,1
farming,1
farms,1
fascist,1
fast,2
faster
apparently,1
fastest,1
fatal,1
father,4
faulty,1
favor,3
favorite,4
fearmongering,1
feather,1
fed,1
federal,2
feds,1
fee,2
feed,3
feeding,1
feel,7
feel
well,1
feels,1
fellow,3
felt,1
female,1
fence,1
fenway,1
fertilization,1
festivals,1
fetch,1
fetus,1
few,7
fiction
i,1
fidelity,1
fight,1
fighting,1
figuratively,2
figure,1
figured,1
figures,1
file,2
fill,2
filthy,1
finally,2
finance,1
financial,3
financially,1
find,5
fine,2
finest
then,1
fingers,1
fire,2
fire
i,1
firethenrehire,1
firm,1
first,14
fiscal,5
fission,1
fit,1
fits,1
five,1
fix,1
fixed,1
flash,1
flat,1
flawed,2
flaws,1
flight,1
flip,1
floated,1
flood,1
flooded,1
floor,2
florida,1
flow,1
flunk,1
focus,3
focused,4
focuses,1
folks,3
follow,2
following,1
food,8
fool,1
fooled,1
fools,2
foot,1
footing,1
for,147
forbade,1
forbes,1
forbid,2
force,2
forced,3
forces,1
forcing,1
forefront,1
foreign,4
foremost,2
foresee,1
forests
poll,1
forever,2
forged,1
forget,5
forging,1
forgiven,1
forgiveness,1
form,1
formatting
imagine,1
forms,1
fortunate,1
fortunately,1
forward,3
fossils,1
found,3
foundations,1
founder,1
four,1
fox,6
fox
so,1
francis,1
frankly,2
fraud,4
fraud
liberals,1
free,8
freedom,9
freedom
allen,1
freedom
so,1
freeeeee,1
freeloading,1
freely,1
freeman,1
freshman,1
friday,1
friends,1
frightened
it,1
from,54
fruit,2
ftfy
because,1
ftfy
feels,1
ftfy
sheldon,1
fuck,10
fuckin,1
fucking,6
fuckwits,1
full,1
fully,2
fun,2
function,1
functions,1
fundamentalism,1
fundamentalists,1
fundamentally,1
funded,1
fundies,1
fundraising,1
funds,1
fundy,1
funny,4
furious,2
further,3
furthermore,1
future,3
future
every,1
gaaaayyyy
in,1
gains,1
gal,1
galilee
well,1
galileo,1
gallant,1
game,3
games,1
garbage,1
gateway,1
gave,1
gay,1
gays,1
gaywakening,1
gee,2
general,4
generalize
sure,1
generation,2
genius
ask,1
genius
well,1
genuises,1
geocentrism,1
geology,2
geomagnetic,1
george,1
get,46
get
hes,1
gets,7
getting,6
ghost,1
giant,2
gift,1
girl,1
girls,1
gitmo,1
give,11
given,6
gives,2
giving,6
glad,1
gladly,1
gleefury
careful,1
glenn,1
glitchy,1
global,1
glorify,1
glorious,2
gloss,1
glowy,1
go,18
go
gt,1
goal,2
god,24
god
reid,1
god
then,1
godaddy,1
goddess,1
godeatingpenguin,1
gods,6
goes,4
going,21
gold,1
goldfish
legitimate,1
gone,1
gonna,3
good,30
good
hope,1
good
welcome,1
goods,2
google,3
googles,1
gop,10
gops,2
gore,1
gosh,1
gospel,2
got,17
gotcha,1
gotta,1
gotten,1
gov,3
goverment,1
govern,1
government,12
government
gtyou,1
government
the,1
governor,1
graduate,1
grammar
jesus,1
grand,2
grandeur,1
grandmother,2
granted,1
graph,1
grateful,1
grave,1
gravest,1
great,8
greatest,1
greatly,1
greed,2
greedy,2
greedy
cheney,1
greta,1
grew,1
grey,1
grossly,1
ground,6
group,3
grow,1
growing,2
growth,1
gt,4
gtcook,1
guaranteed,2
guardian,1
guess,5
guessing,3
guise,1
gun,4
guns,1
gurus
gt,1
gut,1
gutierrez,1
guts,1
guy,11
guys,14
guys
if,1
ha,5
haaaaah,1
habitat,1
habitually,1
hackers,1
had,33
hadnt,2
haha,1
hahahahaha,1
hahahahahahahaha,1
half,4
halfterm,1
halftrue,1
halfway,1
hall,1
hamburger,1
han,1
hand,2
handful,1
handing,1
hands,2
handy,2
hang,1
hannity,3
happen,1
happen
yeah,1
happened,2
happening,1
happens,2
happens
what,1
happinesssadness,1
happy,3
harassing,1
hard,7
hard
whos,1
hardcore,2
harder,2
hardhitting,1
hardly,2
hardware,1
harm,2
harvey,1
has,38
hasnt,2
hate,6
hateful,1
hating,2
haunt,1
have,86
haven,1
havent,4
having,5
hawking,1
he,66
head,5
head
does,1
headache,1
headed,1
headline,5
headlines,1
headquarters,1
heads,1
health,10
healthcare,10
healthy,1
hear,4
heard,5
hearing,2
hears,1
hearsay,1
heart,1
heat,1
heaven,3
heavily,1
hed,2
hee,1
hegemonic,2
heliocentrism,1
helioseismology,1
hell,2
help,10
helped,1
helping,3
helping
hes,1
hence,1
her,20
here,16
here
keep,1
here
theyre,1
heres,1
herp,1
herself,1
hes,14
hesheit,2
hey,4
hi,1
hid,1
hide,1
high,4
high
im,1
higher,1
highest,2
highspeed,1
hilarious,2
hilarious
destroy,1
him,26
himself,4
himself
cant,1
himself
is,1
himself
this,1
hinder,2
hindus,1
hippocratic,1
hired,1
hiring,1
his,51
hispanic,3
history,4
hit,1
hitler,1
hitlers,1
ho,2
hold,3
holding,3
hole
wait,1
holiday,4
holidays,1
holy,3
home,8
homes,3
homework
if,1
homophobia
well,1
honest,2
honestly,1
honor,1
honorable,1
hope,5
hoped,1
hormones,1
horrible,2
horrible
seems,1
horribly,2
horseshit,1
hospital,1
host,1
hostage,2
hosted,1
hour,1
hours,2
house,8
houses,1
hovered,1
how,34
however,1
html,3
huckster,1
huffington,1
huffingtonpost,1
huffpo,1
huge,1
huh,3
huh
politics,1
human,3
humanity,1
humanity
how,1
humans,1
hundred,1
hundreds,1
hunger,1
hurr,1
hurricane,1
hyperbole,1
hypocrisy,1
hypocritical,1
i,193
ice,2
id,4
idea,5
idea
i,1
idea
mainstream,1
idealist,1
ideals,3
ideas,3
ideological,1
idiots,1
idiots
impossible,1
idle,1
idontcare,1
if,72
ignorant,4
ignored,1
ignoring,2
ill,6
illegal,1
im,30
image,1
images,1
imagination,1
imagine,4
imagining,1
imediately
you,1
immediate,1
impact,1
impeach,1
important,8
impossible,1
impoverished,1
impressed,1
impression,1
impressive,1
improve,3
improvement,1
improvements,1
impurities,1
in,174
in
i,1
in
work,1
incentive,1
include,1
includes,1
including,1
inclusive,1
income,4
incomplete,1
incorrect,1
increase,3
incredibly,2
indeed,1
independent,3
indicates,1
industries,1
industry
in,1
ineffective,1
inescapable,1
inevitable,1
infamous,1
infect,1
info,1
information,1
informing,1
initial,1
initiatives,1
injury,1
innovate,1
innovative,1
inquiring,1
insane,4
insignificant,1
inspiration,1
inspire,1
install,1
instead,7
instigating,1
institutionalized,1
institutions,1
insult,1
insurance,14
insurers,1
insures,1
intellectual,1
intelligent,1
intention,1
intentions,1
interest,3
interested,3
interesting,1
interests,3
interfere,1
interference,1
interference
well,1
interpreted,1
interview,1
interviews,1
intimacy,1
into,17
invaded,1
invented,1
investigation,1
investment,1
investments,1
invite,1
invitro,1
involved,1
ipcc,1
iran,1
iranian,1
iraq,1
ironic,2
ironmanganese,1
irony,1
irony
maybe,1
irrational,1
irrelevant,2
is,246
is
even,1
island,1
isnt,7
israel,5
israel
koch,1
israeli,1
israelis,1
issue,3
issue
shocked
780,1
issues,3
issues
its,1
it,138
it
ahahahahahahahahahahahaha,1
it
atheist,1
it
because,1
it
but,1
it
cbs,1
it
gt,1
it
the,1
it
this,1
it
well,1
itd,1
items,1
itll,2
its,60
itself,2
iv,1
ive,6
ivf,2
j,1
jail,1
japan,1
javier,1
jesus,14
jet,1
jets,1
jew,2
jewish,1
jewishvirtuallibrary,1
jews,3
jihad,1
jihadists,1
jillette,1
job,10
job
funny,1
jobs,4
john,3
joke,5
joking,1
jorge,1
joseph,1
journalism,3
journey,1
jpg,1
judge,1
judgement,1
judging,1
jump,1
jumped,1
just,54
justice,2
justify,1
kadaga,1
kansas,1
keep,13
ken,1
kenya,1
kenyan,1
kept,2
key,1
kick,1
kicked,3
kicking,1
kid,1
kidney,7
kids,8
kids
or,1
kill,4
killed,2
killing,3
kills,1
kind,10
kinda,1
kindergarten,1
kindly,1
king,1
kingdom,1
kitchen,1
kite,1
kittens,1
kkk,1
klan
i,1
knees,1
knew,5
knight,1
knock,1
knockers,2
knocking,1
know,31
know
the,1
knowledge,2
known,1
koch,1
kochgangsters,1
koran,1
kowtow,1
l,1
labor,1
lack,1
lady,2
land,4
laos
i,1
large,4
largely,1
largest,1
last,9
late,2
later,2
latrine,1
latter,1
lattes,1
lavabit,1
lavish,1
law,7
laws,4
lawyer,1
layering,2
lays,1
leader,6
leader
its,1
leaders,2
leading,1
leads,1
leap,1
learn,1
learned,3
learning,1
least,6
leave,5
leaving,1
lecture,1
left,3
leftist,1
legacy,1
legal,1
legislation,1
legislator,1
legit,1
legitimate,1
length,1
less,4
lesson,1
let,10
lethal,1
lets,8
letter,3
level,4
levels,2
liabilities,1
liaison,1
liar,2
liars,1
liberal,5
liberal
dont,1
liberal
shes,1
liberals,5
libertarian,1
libertarians,1
libtards,1
libya,1
lie
she,1
lied
its,1
life,9
lifespan,1
lifetimes,1
lights,1
like,53
likely,4
likes,3
limit,2
limiting,1
lindsey,1
line,5
lines,1
liquid,1
list,1
listening,1
listening
hey,1
literal,1
literally,2
little,6
live,9
lives,3
living,2
liz,1
loans,1
lobbied,1
lobby,1
lobbying,2
local,2
locked,1
lockstep,1
logic,2
logic
yes,1
logistics,1
lol
who,1
long,8
longer,2
longer
abort,1
longrun,1
look,5
looked,2
looking,2
looks,1
loose,1
lord,1
los,1
lose,2
losers,1
losing,1
loss,1
lost,5
lot,6
lots,4
louis,1
love,14
loves,1
loving,1
low,2
low
well,1
lower,4
lowinformation,1
luck,4
lucky,1
lucrative,1
lunar,1
lying,3
made,14
magenta,1
magic,1
magically,2
magik,1
magnitude,2
main,1
major,1
majorities,1
majority,8
make,22
makes,4
making,5
males,1
malware,1
mammon
if,1
man,8
man
imagine,1
manage,1
managed,2
mandate,1
mandated,2
mandatory,1
manipulate,1
manipulators,1
mantra,1
manual,1
many,6
marginal,2
marijuana,1
marine,1
mario,1
mark,1
marketed,1
marketing,1
marry,1
mars,2
martyrdom
gtselling,1
mask,1
massachusetts,1
masses,1
massive,1
master,2
match,3
materials,1
math,1
matrix,1
matter,5
may,3
maybe,5
maybe
anybody,1
mccain,2
mccains,1
mcconnell,1
me,34
me
agreed,1
me
and,1
mean,7
meaning,1
means,6
means
dont,1
meant,2
measure,2
measured,1
meat,1
media,5
medicaid,2
medicare,2
medicare
no,1
medicine,2
medicine
its,1
medicore
i,1
meds,1
meeting,1
mega,1
megachurch,1
megacrystals,1
member,1
members,2
memes,1
memo,1
memorial,1
men,1
mental,1
mentally,1
mention,1
mentioning,1
mentors,1
menu
shouldve,1
mepeople,1
mere,1
messed,1
messiah,1
met,2
metaphorical,1
method,1
methods,1
metric,1
mexicans,2
mexico,1
michele,1
michigan,1
midair,1
middle,1
might,3
mild,1
mileage,1
military,1
militia,1
milk,1
miller
dont,1
million,4
millionaires
theyre,1
millions,3
mind,2
mindboggling,1
minded,1
minds,1
minds
shes,1
mindset,1
minimum,1
ministry,1
ministrys,1
minus,1
minute,1
minutes,3
miraculous,1
misconception,1
miss,2
missed,2
misses,1
mistakes,1
mister,1
mitch,1
mlk,1
mobile,1
moderate,3
modicum,1
mods,1
mom,2
moment,1
money,21
money
the,1
moneychangers,1
monopoly
i,1
monotheists,1
month,4
moon,1
moon
we,1
moral,3
morales,1
more,49
morgan,2
morhpine,1
morons,1
morphine,2
morrally,1
most,13
most
this,1
mother,1
motivation,1
mouth,1
mouths,3
move,4
moved,1
movement,2
moving,1
mozart,1
mr,1
msnbc,1
much,25
much
repeal,1
multi,1
multiple,1
munitions,1
muntz,1
murdered,2
murica
gtbelievers,1
murica
this,1
music,1
muslim,2
muslims,1
must,8
my,50
myself,2
myth,1
mythbusters,1
naica,1
nailed,2
naked,2
name,4
namecalling,1
nap,1
narrowing,1
nation,9
nation
they,1
national,4
nationalized,1
nations,2
natural,2
nature,1
navy,1
nazi,1
nearly,1
necessary,2
neck
let,1
necronomicon,1
need,19
needed,1
needed
how,1
needs,7
negotiate,2
negotiates,1
negotiating,1
neighbor,1
neighbors,1
netanyahu,1
network
it,1
neuroscience,1
never,19
new,15
news,15
news
if,1
newspaper,1
next,9
nice,2
nickname,1
night,1
nitrogen,2
no,35
no
im,1
nobel,1
nobility,1
nobody,4
nodule,1
noise,1
nominate,2
non,1
nonbeliever,1
none,2
none
stay,1
nonjudgemental,1
nonmalicious,1
nonsense
it,1
nonsuicide,1
nor,2
normal,1
not,97
not
every,1
note,1
notebook,1
noted,1
nothing,13
nothing
but,1
noticed,1
novel,1
novelty,1
now,31
now
and,1
now
christian,1
now
you,1
nsa,2
nuance,1
nuclide,1
number,5
numbers
gt,1
nurses,1
nuts,1
ny,1
nye,1
oath
if,1
obama,22
obama
let,1
obamacare,7
obamacare
ill,1
obamacare
the,1
objection,1
objectively,1
obligation,1
obligatory,1
oblivion,2
observe,1
obsessed,1
obvious,2
obviously,4
occultists,1
oceans,1
of,299
of
gtbut,1
off,19
off
is,1
off
the,1
offer,1
office,6
officer,1
offices,1
officially,1
often,3
oh,6
ohios,1
ok,3
okay,1
oklahoma,1
ol,2
old,9
old
is,1
older,3
oligarch,1
olsteen
butbut,1
on,97
onboard,1
once,2
one,30
one
what,1
one
you,1
ones,3
ones
im,1
onion,2
only,22
ooooh,1
op,1
op
lets,1
oped,1
open,3
opening,1
openminded,1
operating,1
opinion,2
opposed,2
opposite,1
option,2
or,54
oral,1
orange,1
oranges
yeah,1
order,1
ordered,1
orders,1
organisers,1
organization,2
organized,1
orgasm,1
orgjsourceunusvetoes,1
orgwikionthejewsandtheirlies
mmmm,1
orgwikithesystemhasfailed
nothing,1
original,1
orphans,1
orthodox,1
other,23
other
so,1
others,3
others
bet,1
ought,1
our,25
out,43
out
and,1
out
gt,1
out
its,1
out
oh,1
outdoors,1
outlets,1
outofpocket,1
outrage,1
outside,4
over,19
overreacted,1
overstatement,1
overwhelming,1
overwhelmingly,1
owe,2
own,21
owned,1
ownership,1
owns,1
oxidizable,1
p,3
p
heaven,1
pace,1
pacifist,1
pack,1
package,1
pageclicks,2
pages,1
paid,10
paid
when,1
pain,5
paint,1
painted,2
pakistan,2
palestinian,1
palin,1
pantspissingly,1
paperwork,1
papist
of,1
parent,1
parents,6
park,1
parsing,1
part,9
part
if,1
partial,1
particular,2
particularly,1
parties,2
partisan,1
party,14
partyconservative,1
pass,4
pass
wouldnt,1
passed,3
passengers,1
past,3
pat,1
path,1
pathetic,1
patients,1
patriot,1
patriot
fucking,1
patriotic,1
patriots,2
patriots
i,1
patronized
i,1
pattern,2
patterns,1
paul,1
pay,17
payer,5
payers,1
paying,7
pays,2
pc,1
peace,1
peace
yep,1
peacefully,1
peanuts
ha,1
pederasty
they,1
pedophilia
this,1
peeing,1
penalty
moderate,1
penis,1
penises,1
penn,1
people,68
people
it,1
people
so,1
peoples,2
per,1
percent,1
percentage,4
perfect,2
perfect
hes,1
performed,1
peripheral,1
permafrost,1
permanently,1
perpetrated,2
persistent,1
person,5
person
lol,1
personal,6
personality,1
personhood,1
personhood
now,1
persons,3
petrified,1
petty,3
pharmaceutical,1
phenomenon,1
phone,1
photo,1
photoop
we,1
physics,1
pick,3
picking,1
pickup,1
picture,3
pictures,1
piece,1
pigheaded,1
pigs,1
pile,1
piling,1
pillar,1
pills,1
pilot
heres,1
pirate,2
piss,1
pissed,1
pitcher,1
placards,1
place,5
place
the,1
places,1
plagiarism,1
plagiarism
i,1
plagiarized,1
plain,1
plan,3
plane,1
planet,1
plankton,1
planned,1
planning,3
plans,2
platform,1
play,1
playing,1
please,1
please
maybe,1
pleased,1
plenty,1
plugged,1
plural,1
plus,3
pockets,1
point,10
point
if,1
pointed,1
pointing,2
points,2
poison,2
poisoned,1
poisoning
isnt,1
polar,1
police,1
policy,7
policy
it,1
polite,1
political,7
politician,1
politicians,2
politicians
to,1
politics,5
politifact,1
poll,3
polls,2
pools,1
poor,9
popcorn,1
pope,5
pope
,1
popes,1
popular,2
population,2
populations,1
porches,1
position,3
positions,2
possessions,1
possibility,2
possible,3
possibly,2
post,4
posted,2
potential,1
pouring,1
poverty,2
power,3
powerful,1
practically,1
praise,2
preacato,1
preacher,1
precious,1
prefer,4
prehistoric,1
premium,1
prepared,1
prescription,1
prescriptions,1
presence,1
present,2
presented,1
president,13
president
huh,1
president
poor,1
press,1
presumably,1
pretended,1
pretty,9
preventing,1
previous,2
pride,2
priest
next,1
primary,2
prince,1
principles,1
printings,1
prints,1
prior,1
priorities,1
prison,4
prisons,2
privacy,1
privacy
but,1
private,4
privilege,1
prize,1
probably,8
probation
gtsean,1
problem,11
problems,1
problems
the,1
procedural,1
procedure,2
procedures,2
proceedings
conservative,1
process,1
product,4
products,1
profession
he,1
professionals,1
professor,1
profit,2
profits,1
profound,1
program,2
programs,1
progress,1
progressive,1
progressives,4
prolife,2
proliferating,1
promise,2
promises,1
proof,3
properly,2
proposal
dont,1
proposed,1
proselytizing,1
prosperity,1
protect,2
protected,1
protecting,2
protestant,1
protesting,2
protestor,1
proud,2
prove,3
proverbial,1
provide,3
provider,1
providers,2
pseudo,1
psychics,1
public,2
pull,2
pulling,1
pundit,1
punishing,1
punishment,1
punishment
and,1
purchased,2
purchasing,1
pure,1
purpose,1
purse
gtcongress,1
push,1
pussy
religions,1
put,8
puts,1
putting,1
pyramid,1
qaeda,1
qampa,1
qualified,1
qualifier,1
qualify,2
quality,1
queens,1
question,3
questioning,1
questions,3
quick,2
quickly,1
quiet,1
quit,1
quite,1
quote,1
quran
wasnt,1
rabbi,1
rabble,2
rablle
another,1
race,4
racemization,1
racetothebottom,1
racism,1
racism
on,1
racist,5
radical,4
radicals
happy,1
radio,1
radioactive,1
radiologists,1
rage,1
rail,1
rails,1
rainbow,1
rainy,1
raising,1
rambling,1
rampd,1
ran,2
rand,3
rand
good,1
ranger,1
ranking,1
ranting,1
rape,2
rapture
i,1
rates,3
rates
its,1
rather,4
rating,1
ratio,1
rational,2
raving,1
rchristianity,1
rchristianitythe,1
rconservative
gt,1
reactionary
what,1
read,4
readers,1
reading,2
ready,1
reagan,1
real,10
real
gtthey,1
realistically,1
reality,2
realize,4
realized,2
realizing,1
really,26
realm,1
rears,1
reason,5
reason
patriotism,1
reasonable,5
reasons,2
rebecca,1
recently,1
reckon,1
recommend,1
reconcile,2
recorded,1
recruitment,1
rectified,1
reddit,3
rednecks,2
reduce,1
reduction,1
reeducation,1
reelect,1
refer,1
reflect,1
reformation,1
reforms,1
refusal,1
refuse,1
refused,1
refute,1
regarding,1
regardless,3
regards
turn,1
regime,1
region,3
region
if,1
regular,3
regulation,2
regulations,1
regulator,1
reich,1
rejected,1
rejects,2
related,2
related
damn,1
relativistic,1
release,1
reliable,1
relief,3
religion,9
religions,1
religious,10
religiousnot,1
rely,2
remaining,1
remember,3
remote,1
remove,1
removed,1
removing,1
reopen,1
repeal,1
repeatedly,3
replaced,1
report,2
report
another,1
reportedly,1
represent,1
representation,1
representatives,1
represented,1
reproductive,1
republic,1
republican,11
republican
there,1
republicanled,1
republicans,16
republicans
let,1
republicantea,1
repugnant,1
requires,1
researching,1
resets,1
resignation,1
resolution
hey,1
resolutions,1
resorted,1
respect,1
respectable,1
respecting,1
respond,1
response,2
responsibility,1
rest,5
restore,1
restrict,1
retaliation,1
retreat,1
return,3
returns,1
reveal,1
revelations,1
revenue,1
reversals,1
revolution,1
revolutionary,1
rewarding,2
rfirstworldanarchists,1
rhetoric,1
rich,4
richest,1
rid,2
ridiculing,1
ridiculous,1
rigging,1
right,34
right
best,1
right
how,1
right
its,1
right
maybe,1
right
you,1
righteousness,1
rights,2
rightwing,1
rightwingers
wikipedia,1
rimshot,1
rinds,1
ripped,1
rising,1
risking,1
rites,1
river,1
rliberal,1
rlibertarian,1
rob,1
robert,1
robertson,2
rock,1
rockefellers,1
roll,1
rolling,1
room
this,1
roosevelts,1
rope,1
round,1
rounds,1
royalty
the,1
rpolitics,1
ruined,1
rules
well,1
ruling,1
run,5
run
the,1
running,4
runs,1
rusty,1
rx,1
ryan,1
s,2
s
im,1
s
it,1
s
so,1
s
when,1
s
why,1
sad,5
sadness,1
safest,1
said,16
said
gt,1
said
hah,1
sale,2
same,16
same
it,1
sampl,1
sandwich,1
sandwiches,1
sane,1
sarah,1
sarc
gtin,1
sarcasm,1
sarcasm
it,1
satan,1
save,6
saved,1
saving,1
saw,2
say,14
say
the,1
saying,11
says,7
scan,8
scans,1
scare,1
scared,1
scary
fox,1
scheme,1
scheme
gt7000,1
school,4
schooled,1
schooled
reddit,1
schools,4
schultz,1
science,2
scientific,2
scientist,2
scientists,2
scifi,1
scores,1
sea,2
seabed,1
seal,1
seasons,1
second,4
secret,1
section,1
sector,2
security,3
sedimentary,1
sedition,1
see,24
seeing,2
seekerdriven,1
seem,3
seemed,1
seeming,1
seems,6
seen,2
seizing,1
self,1
selfevident,1
selfish,3
selfsovereign,1
sell,1
senate,2
senator,1
send,1
sending,1
sends,1
seniors,1
seniors
even,1
sensationalist,2
sense,4
sense
i,1
sense
wow,1
sensible
so,1
sent,1
sentient,1
separate,3
serfdom,1
series,1
serious,3
serious
would,1
seriously,2
server,2
servers,2
service,3
services,3
serving
did,1
set,2
several,2
severe,1
sex,2
sex
gt,1
sexist,1
sexy,1
shall,3
shame,1
share,1
shared,1
sharia,1
shark,1
she,13
sherlock,1
shes,3
shirts,1
shit,13
shit
obama,1
shite,1
shitless,1
shitty,1
shock,1
shocked,4
shocking
citation,1
shocking
its,1
shopping,1
short,3
shot,1
shots,2
should,24
shouldnt,5
show,7
shower,1
shrink,1
shrugs
dont,1
shun,1
shut,3
shutdown,5
shutdown
i,1
shutdowns,1
shuts,1
side,7
sides,2
sides
well,1
sidewalks,1
sign,3
signed,1
significant,1
silly,3
similarly,1
simple,1
simple
i,1
simplistic,1
simply,2
sin,1
since,12
sinful,1
single,11
sinking,1
sit,1
site,3
site
because,1
situation,1
six,1
skin,1
slams,1
slate,1
slavery,3
slays,1
sleaze,1
sleekly,1
sleeping,1
slept,1
slide,1
slight,1
slightly,1
slow,1
small,1
smart,1
smarter,2
smashes,1
smearing,1
smell,1
smith,1
smoke,1
smoking
its,1
snails,1
so,62
so
unmarried,1
social,2
socialism,6
socialist,4
socialized,1
society,2
sodomy,1
software,2
sol
mitch,1
solely,1
solve,1
somali,1
some,26
somehow,1
someone,12
someonea,1
something,8
something
from,1
sometimes,1
sometimes
in,1
somewhere,2
son,1
son
so,1
song,1
soon,1
soon
yes,1
sooo,1
soooo,1
sorry,4
sort,1
sorts,1
soul,1
soul
makes,1
sound,1
sounds,2
soup,1
source,2
sources,1
south,4
southern,1
space,1
spanish,1
speaker,2
speaking,1
specialist,1
specific,1
specifically,1
speech,1
speech
study,1
spelling,1
spend,2
spending,7
spent,3
spine,1
spirit,3
spits,1
split,1
spoiled,2
spy,1
ssl,1
st,1
stage,1
staggering,2
stalactites,1
stamps,3
stamps
children,1
stance,1
stand,5
standard,2
stands,3
star
whats,1
starbucks,1
stare,1
starlight,1
stars,1
start,4
start
so,1
started,3
started
how,1
starting,2
starts,2
starving,1
state,7
state
thats,1
statement,3
states,6
stay,3
stayed,1
stealing,1
stealth,1
steaming,1
stereotype,1
stereotypes,2
steve,1
stick,1
still,15
stir,1
stock,1
stolen,2
stone,5
stones,2
stood,1
stoop,1
stop,5
stopped,1
stopspendingstopspendingstopspending,1
store,2
stories,1
story,4
story
washington,1
straight,2
strange,1
strategy,1
strawman
they,1
streaming,1
street,1
streets,1
strict,1
strike,1
strike
landmark,1
stronger,1
strongly,1
struggling,1
students,2
studied,1
study,1
stuff,5
stuff
unicorn,1
stunning,1
stupid,6
stupid
its,1
stupidity,1
style
whats,1
sub,1
subject,4
subjects,1
subsidiary,1
subsidies,2
subsidy,1
substance,2
substantial,1
subtle,1
successful,1
such,10
suck,2
sucking,1
sucks,1
suddenly,1
suffer,2
sufficiently,1
suggest,1
suggested,1
suicides,1
sums,1
super,1
superintendents,1
superstitious,1
supply,3
support,11
supported,2
supporter,2
supporters,2
supporting,3
suppose,1
supposed,3
supposedly,1
sure,10
sure
hes,1
surely,1
surgery,2
surpassed,1
surpasses,1
surprised,3
surprised
standard,1
surprises,1
surprising,1
surveillance,1
surveyed,1
survived,1
swear,1
swedebriteuropean,1
swedish,2
swift,1
swimming,1
switched,1
syllable,1
system,7
table,3
taibbi,1
take,17
taken,3
taking,6
talent,1
taliban,1
talk,5
talkathon,1
talked,1
talking,7
talky,1
tangent,1
tank,1
tap,1
tape
i,1
tapping,1
tarot,1
taste,1
tautology,1
tax,8
taxes,2
taxpayers
so,1
tea,9
teach,1
teacher,1
teachers,3
teaching,1
teahadist,1
teahadists,1
team,1
teamed,1
teaparty,2
tears,2
technicality,1
technically,1
techniques
they,1
ted,2
teddy,1
teen,3
teenager,1
teenagers,1
teleprompter,1
tell,6
tell
im,1
telling,3
tells,2
temple,1
tended,1
term,2
terms,2
terrible,3
terrified,1
terrifying,1
terror,1
terrorism,2
terrorist,1
test,2
test
yo,1
testing,2
tests,2
texan,1
texas,4
textualism,1
tfsm,1
than,37
thanks,6
that,221
that
bachmann,1
that
but,1
that
dont,1
that
i,1
that
she,1
that
what,1
thats,19
the,640
their,70
theism,1
them,48
them
moore,1
them
that,1
them
well,2
them
you,1
themselves,6
themselves
a,1
then,35
then
thats,1
then
worse,1
there,26
there
did,1
there
i,1
there
the,1
therefor,1
therefore,3
thereof,1
theres,6
thermoluminescence,1
these,17
theses,1
they,123
they
yes,1
theyd,1
theyll,1
theyre,12
theyve,1
thing,17
thing
i,1
things,7
things
it,1
think,29
think
college,1
thinking,3
thinks,3
third,1
this,110
this
6,1
this
his,1
this
up,1
tho,1
thomas,1
thoroughly,1
those,15
though,5
though
a,1
though
the,1
thought,7
thousands,2
threads,2
threat,2
threatens,1
three,5
thrilled,1
thrones,1
through,3
throw,2
thus,2
thy,2
ties,1
til,1
tilio,1
till,1
time,25
times,4
times
seems,1
tissues,1
title,3
tldr,1
to,417
to
yes,1
today,1
today
how,1
todays,1
together,1
together
gt,1
told,3
tolerance,4
tolerate,1
tom,1
tom
because,1
ton,1
tonot,1
tons,1
too,14
too
didnt,1
too
yea,1
took,5
top,3
topic,1
tormentors,1
tortas,1
tossed,1
total,5
totally,2
touches,1
toward,1
town,3
tp,1
trace,1
track,1
tradefortress,1
trading,1
traditions,1
train,1
traitors,1
translation,1
trash,3
treachery,1
treat,1
treated,1
treatment,3
trees,2
tried,5
trigger,1
trillion,2
tripled,1
trivializing,1
troops,4
trouble,3
truckers,1
trucking,1
true,8
true
id,1
truly,2
trump,1
trust,2
trust
i,1
trustworthy,1
truth,4
try,8
trying,8
turkey,1
turn,4
turned,1
turns,2
tv,1
tvs,1
twice,1
twice
one,1
twisted,1
twisting,1
twitter,1
two,7
type,1
types,1
types
your,1
typhoon,1
u,1
ugly,1
uk
only,1
ultimately,1
ultrasound,1
um,1
umm,1
ummmm
good,1
un,1
unbeliever,1
unblockers,1
uncharitable
gridlock,1
uncle,1
unconditional,2
unconstitutional,1
undemocratic,1
under,9
undermines,1
understand,4
understandable,1
understands,2
understood,1
undertaking,1
underwear,1
uneducated,1
unfair,1
unfortunately,3
unfunded,1
unicorns,2
uniform,1
uniformity,2
uniforms,1
uniforms
youth,1
uninformed,3
uninsured,1
unintended,1
union,2
union
no,1
unions,1
united,3
uniter,1
universal,1
universally,1
universe,1
university,1
unless,4
unproven,1
unqualified,1
unreasonable,1
unskewed,1
until,13
unvarnished,1
unwanted,1
unwittingly,1
up,31
up
and,1
up
i,1
up
you,1
upfront,1
upvotes,1
urban,1
urging,1
urination,1
urine,1
us,33
us
congratulations,1
us
even,1
us
great,1
us
hey,1
us
i,1
us
yea,1
usa,3
uschristian,1
use,11
used,4
useful,1
user,1
users,1
using,7
usual
wouldnt,1
usurper,1
usvetoed,1
utter,1
v7j80mvxvs64,1
vacation,1
vaguely,1
valid,1
valuable,2
values
sad,1
van,1
vapid,1
variety,1
varnish,1
varves,1
vast,1
vastly,1
vatican,1
vegetariansvegans,1
veil,1
venture,1
version,1
versus,1
very,15
vessel,1
vet,2
vetbv2hm5qf0ampfeatureyoutubegdataplayer
yeah,1
veterans,6
vets,2
via,1
viable,2
video,2
videos,2
vietnam,1
view,4
viewpoint,1
views,1
vile,1
villagers,1
villages,1
violate,1
violating,1
violence,1
virtual,2
virtually,1
vision
im,1
visionaries,1
visited,1
visits,2
visual,1
visually,1
vnma4skusro
gtwhat,1
vocation,1
voluntarily,1
volunteers,1
vote,12
voted,5
voted
no,1
voter,2
voters,3
votes,1
votes
gt,1
voting,4
w,1
wage,1
wages,1
wait,4
walk,1
walking,1
wall,2
wallowed,1
walmart,2
want,24
want
boy,1
want
the,1
wanted,9
wants,3
wants
perfect,1
wants
they,1
war,5
wardens
jesus,1
warfare,1
warfare
in,1
warmongers
cry,1
warner,1
wars,2
was,74
wasas,1
washes,1
washing,1
wasnt,2
wast,1
wasteful,1
watch,5
watching,1
water,4
way,13
way
dude,1
ways,2
we,77
we
i,1
wealth,1
wealthiest,1
wealthy,8
wealthy
and,1
weather,1
weathering,2
web,3
website,7
website
someone,1
website
the,1
wed,2
wee,1
week,1
week
funny,1
week
i,1
week
impose,1
week
skanks,1
weeklystandard,1
weeks,3
weighs,1
weird,1
welcome,1
welfare,1
well,10
wendy
well,1
went,4
were,34
werent,2
west,1
western,2
wetter,1
weve,8
whack,1
what,50
whatever,8
whatever
for,1
whatever
must,1
whats,6
whatsoever,1
when,36
when
what,1
where,11
whether,3
whew,1
which,12
while,14
whines,1
whistle
something,1
white,5
whitehouse,2
whitetrash,1
who,43
whoa
but,1
whoever,2
whole,2
whore
i,1
whos,1
whose,1
why,23
why
happened,1
why
pity,1
wic,1
widespread,1
widows,1
wikipedia,1
will,44
willing,4
win,6
wing,1
winger,1
wings
they,1
winning,1
winning
this,1
winter,2
wire,1
wisconsin,1
wise,2
wish,5
wishied,1
with,90
with
american,1
with
why,1
within,3
without,6
wo,1
woah,1
woman,1
women,5
wonder,4
wonderful,2
wonderfully,1
wont,6
woo,1
wood,1
wood
my,1
word,5
wordpress,1
words,4
work,9
work
facts,1
worked,3
worked
that,1
working,5
workplace,1
world,8
worldliness,2
worldliness
both,1
worlds,1
worn,1
worry,2
worse,1
worshipers,1
worshiping,1
worshipping,1
worst,4
worth,1
worthless,1
worthy,2
woul,1
would,59
wouldnt,7
wouldve,1
wow,2
write,1
writer,2
wrong,11
wrong
i,2
wrote,2
wtf,1
wynn,2
x,1
xmas,1
xrays,1
y
ahhh,1
ya,1
yaaaaay,1
ychromosomal,1
ye,2
yeah,7
year,11
years,8
years
from,1
yes,7
yesterday,1
yet,4
yet
christians,1
yet
i,1
yet
the,1
york,2
you,130
you
im,1
you
utah,1
you
war,1
you
welcome,1
youll,3
young,3
young
yep,1
younger,1
your,40
youre,10
yourrepublicanuncle,1
yourselves
evolution,1
youth,2
youtube,3
youve,1
ziiiiinggggg,1
